table_name,Subject_ID_D,Subject_ID_N,global_T1,T1_date_iso,device_id,window_rule,n_rows,days_first_available_after_T1,window_start_ms,window_end_ms,window_start_local,window_end_local,first_ts,last_ts,first_local,last_local
barometer,002,64,104.8,2025-01-27,1f17227b-a259-4caa-bf40-4eccf742447e,adjusted_first_available_7d_after_T1_lookup,0,,,,,,,,,
barometer,002,64,104.8,2025-01-27,c84399c2-6bc9-44ad-9b46-81ba47b5c14b,adjusted_first_available_7d_after_T1_lookup,0,,,,,,,,,
barometer,003,11,106.5,2025-01-06,cc373e47-1b4b-4e15-a7e7-7882510d4949,adjusted_first_available_7d_after_T1_lookup,0,,,,,,,,,
barometer,004,5,101.0,2025-01-06,dffdd7f7-4fad-4c26-b499-70586d6d0d09,adjusted_first_available_7d_after_T1_lookup,0,,,,,,,,,
barometer,005,9,81.1,2025-01-06,3da896f5-a563-44f7-b546-35ed578491af,adjusted_first_available_7d_after_T1_lookup,0,,,,,,,,,
barometer,006,8,90.1,2025-01-06,ce1b6ec7-2b75-4d73-b3c8-3d06f049d22a,adjusted_first_available_7d_after_T1_lookup,0,,,,,,,,,
barometer,006,8,90.1,2025-01-06,f4be3bd3-21f6-4b83-9728-ad22dd496a0a,adjusted_first_available_7d_after_T1_lookup,0,,,,,,,,,
barometer,007,57,108.2,2025-01-23,1abb2d18-29ea-492a-808b-b01e865ebaa5,adjusted_first_available_7d_after_T1_lookup,0,,,,,,,,,
barometer,007,57,108.2,2025-01-23,26b25b93-8dcc-4a4e-8ca2-0d920e37acba,adjusted_first_available_7d_after_T1_lookup,0,,,,,,,,,
barometer,010,35,100.0,2025-01-14,8ae5390c-c8fd-41d0-b47b-bfde7eb1714f,adjusted_first_available_7d_after_T1_lookup,0,,,,,,,,,
barometer,010,35,100.0,2025-01-14,95a0d327-70b6-43eb-b34e-885c91d75380,adjusted_first_available_7d_after_T1_lookup,0,,,,,,,,,
barometer,011,74,88.0,2025-02-04,93fac996-2c64-403a-a7d6-02932cb988ba,adjusted_first_available_7d_after_T1_lookup,0,,,,,,,,,
barometer,012,4,75.6,2025-01-06,333d33c5-8033-4cc0-9425-e0fad00f3613,adjusted_first_available_7d_after_T1_lookup,0,,,,,,,,,
barometer,012,4,75.6,2025-01-06,3b301a33-0640-4ca1-b5da-f92ce279a860,adjusted_first_available_7d_after_T1_lookup,0,,,,,,,,,
barometer,012,4,75.6,2025-01-06,6417d786-cd43-47c2-9379-ff1cf358cd2c,adjusted_first_available_7d_after_T1_lookup,0,,,,,,,,,
barometer,013,10,109.6,2025-01-06,23d13a76-7c5a-4ac4-a7eb-5de4025645e7,adjusted_first_available_7d_after_T1_lookup,0,,,,,,,,,
barometer,014,21,104.0,2025-01-09,7ad2f17f-8c64-4a0e-9fb5-ddf1db3eec34,adjusted_first_available_7d_after_T1_lookup,0,,,,,,,,,
barometer,014,21,104.0,2025-01-09,c33dd240-956e-4ab5-a321-1deb5186038f,adjusted_first_available_7d_after_T1_lookup,0,,,,,,,,,
barometer,015,12,95.9,2025-01-06,0bee8c4e-dfed-40a1-8955-5784a5a4d1aa,adjusted_first_available_7d_after_T1_lookup,0,,,,,,,,,
barometer,015,12,95.9,2025-01-06,911357f0-0c89-4fe2-babb-75000476002f,adjusted_first_available_7d_after_T1_lookup,0,,,,,,,,,
barometer,015,12,95.9,2025-01-06,aee8c46c-ca38-4d68-8c6c-18340cb53649,adjusted_first_available_7d_after_T1_lookup,0,,,,,,,,,
barometer,015,12,95.9,2025-01-06,c11000fb-a64c-4122-a73a-f929697c66cb,adjusted_first_available_7d_after_T1_lookup,0,,,,,,,,,
barometer,018,79,96.1,2025-03-02,2b92bd8b-f27e-4ce7-9b0f-85745f8897b0,adjusted_first_available_7d_after_T1_lookup,0,,,,,,,,,
barometer,018,79,96.1,2025-03-02,937ee40a-d71b-4dc0-a9f9-1b8aff7e0e64,adjusted_first_available_7d_after_T1_lookup,0,,,,,,,,,
barometer,019,28,103.7,2025-01-13,7f0e6ddf-c0aa-44f4-ba8c-ab9cfbf3da68,adjusted_first_available_7d_after_T1_lookup,0,,,,,,,,,
barometer,020,18,90.0,2025-01-08,8551b6d6-e487-47f8-a69a-fa2cfb34230b,adjusted_first_available_7d_after_T1_lookup,0,,,,,,,,,
barometer,020,18,90.0,2025-01-08,8a4d57f0-37b4-4de3-b342-ea3217c195a6,adjusted_first_available_7d_after_T1_lookup,0,,,,,,,,,
barometer,021,17,97.8,2025-01-08,230c55a2-f8a2-4e71-9df8-722abfa6f906,adjusted_first_available_7d_after_T1_lookup,0,,,,,,,,,
barometer,021,17,97.8,2025-01-08,4084251f-4b8f-404e-bacb-7cb73892dc53,adjusted_first_available_7d_after_T1_lookup,0,,,,,,,,,
barometer,022,52,107.2,2025-01-21,0948b131-dcfe-4482-a223-d9e4561ce019,adjusted_first_available_7d_after_T1_lookup,0,,,,,,,,,
barometer,022,52,107.2,2025-01-21,87beff6c-301b-44de-9347-19a13b4178bc,adjusted_first_available_7d_after_T1_lookup,0,,,,,,,,,
barometer,022,52,107.2,2025-01-21,e543fafa-f97a-414d-8fb4-91a2f135e48d,adjusted_first_available_7d_after_T1_lookup,0,,,,,,,,,
barometer,023,20,101.0,2025-01-09,62ff0abd-a9a5-4174-84fa-9825f83079dc,adjusted_first_available_7d_after_T1_lookup,0,,,,,,,,,
barometer,023,20,101.0,2025-01-09,8f544bd0-3f15-4222-9fae-48cbf5237cd6,adjusted_first_available_7d_after_T1_lookup,0,,,,,,,,,
barometer,024,68,103.4,2025-01-28,ea530d49-d351-4456-8892-510264486b17,adjusted_first_available_7d_after_T1_lookup,0,,,,,,,,,
barometer,024,68,103.4,2025-01-28,f3b5cf93-5f92-4d02-be6e-4f0c6e5d2042,adjusted_first_available_7d_after_T1_lookup,0,,,,,,,,,
barometer,025,16,104.9,2025-01-08,5a305fb3-9bb9-466b-961e-a7c6889be5d6,adjusted_first_available_7d_after_T1_lookup,0,,,,,,,,,
barometer,025,16,104.9,2025-01-08,6ed52930-e174-4c48-896f-cae76aa3b171,adjusted_first_available_7d_after_T1_lookup,0,,,,,,,,,
barometer,025,16,104.9,2025-01-08,9fbd0885-dc45-4352-a895-bceb7c778465,adjusted_first_available_7d_after_T1_lookup,0,,,,,,,,,
barometer,025,16,104.9,2025-01-08,aa5788d8-fddc-41ba-94f1-c69d492f0072,adjusted_first_available_7d_after_T1_lookup,0,,,,,,,,,
barometer,025,16,104.9,2025-01-08,f43dbdf4-c273-4de2-8966-216639f0b6f9,adjusted_first_available_7d_after_T1_lookup,0,,,,,,,,,
barometer,026,75,104.1,2025-02-12,1b799d79-1303-44c4-97a7-ad56a19add13,adjusted_first_available_7d_after_T1_lookup,0,,,,,,,,,
barometer,028,45,93.5,2025-01-20,305217c2-52e2-4864-af74-dfa4b7334f89,adjusted_first_available_7d_after_T1_lookup,0,,,,,,,,,
barometer,028,45,93.5,2025-01-20,7905f32b-1a85-4a2a-a742-220485f6d29c,adjusted_first_available_7d_after_T1_lookup,0,,,,,,,,,
barometer,029,80,100.2,2025-03-02,ca1d9d28-454f-4e58-aba1-61a3c93f5cb5,adjusted_first_available_7d_after_T1_lookup,0,,,,,,,,,
barometer,029,80,100.2,2025-03-02,ed3860d6-8c63-4db3-a74f-263067f0a88f,adjusted_first_available_7d_after_T1_lookup,0,,,,,,,,,
barometer,030,13,103.8,2025-01-08,2a809985-edc7-453b-9e2c-0c0cbeccf9a0,adjusted_first_available_7d_after_T1_lookup,0,,,,,,,,,
barometer,030,13,103.8,2025-01-08,6a050fca-1274-4481-bc4d-6103a673b3fb,adjusted_first_available_7d_after_T1_lookup,0,,,,,,,,,
barometer,030,13,103.8,2025-01-08,be1e1b3b-4ddf-4851-84d3-990843d5cb58,adjusted_first_available_7d_after_T1_lookup,0,,,,,,,,,
barometer,031,67,96.3,2025-01-28,4c6c7d6e-921b-4288-9f06-67cc96a37d1f,adjusted_first_available_7d_after_T1_lookup,0,,,,,,,,,
barometer,031,67,96.3,2025-01-28,9fba07c0-12f9-4300-a9d2-b204be6da705,adjusted_first_available_7d_after_T1_lookup,0,,,,,,,,,
barometer,031,67,96.3,2025-01-28,a9563005-6158-48e7-bb5b-298d03aa42a0,adjusted_first_available_7d_after_T1_lookup,0,,,,,,,,,
barometer,032,62,110.6,2025-01-23,5bfa065e-3922-4e33-ae12-890a438ef2e3,adjusted_first_available_7d_after_T1_lookup,0,,,,,,,,,
barometer,032,62,110.6,2025-01-23,c7fce041-6004-4299-b7d5-8947b4cb54cb,adjusted_first_available_7d_after_T1_lookup,0,,,,,,,,,
barometer,034,73,101.8,2025-02-04,778441d9-a8ef-49f0-bee6-35bf069a741e,adjusted_first_available_7d_after_T1_lookup,0,,,,,,,,,
barometer,035,54,98.1,2025-01-21,45790f16-2b97-414d-b9e7-cb942ef830c3,adjusted_first_available_7d_after_T1_lookup,0,,,,,,,,,
barometer,035,54,98.1,2025-01-21,b79ed5ec-35c2-4d3b-9017-d312a390cd44,adjusted_first_available_7d_after_T1_lookup,0,,,,,,,,,
barometer,036,19,93.0,2025-01-09,051aef7b-10fa-4c8f-b7bb-2afe62692335,adjusted_first_available_7d_after_T1_lookup,0,,,,,,,,,
barometer,036,19,93.0,2025-01-09,360f2200-3070-4959-8581-487fcd7befb9,adjusted_first_available_7d_after_T1_lookup,0,,,,,,,,,
barometer,037,48,101.9,2025-01-20,33fab45f-5d44-4384-998a-d3e77228849f,adjusted_first_available_7d_after_T1_lookup,0,,,,,,,,,
barometer,037,48,101.9,2025-01-20,b86bda1a-3f22-4644-b470-ba599a20de89,adjusted_first_available_7d_after_T1_lookup,0,,,,,,,,,
barometer,038,50,94.5,2025-01-21,5fc9ae47-81c2-4c71-8705-c17a0331b764,adjusted_first_available_7d_after_T1_lookup,0,,,,,,,,,
barometer,038,50,94.5,2025-01-21,64e8691a-103c-4d2b-bb54-dfd977d1fa6a,adjusted_first_available_7d_after_T1_lookup,0,,,,,,,,,
barometer,038,50,94.5,2025-01-21,df5229e7-99c0-420f-aa89-fc90c888f194,adjusted_first_available_7d_after_T1_lookup,0,,,,,,,,,
barometer,039,27,99.3,2025-01-13,72e21d84-c3cb-401a-8beb-4532f39f0688,adjusted_first_available_7d_after_T1_lookup,0,,,,,,,,,
barometer,039,27,99.3,2025-01-13,9aa9b24a-4980-475a-91a1-fc141647d394,adjusted_first_available_7d_after_T1_lookup,0,,,,,,,,,
barometer,039,27,99.3,2025-01-13,dba6b322-c24d-4f1e-a6f3-f9556c60535f,adjusted_first_available_7d_after_T1_lookup,0,,,,,,,,,
barometer,040,65,92.8,2025-01-27,a509253e-6fa3-4f0c-8ed4-3fd4c88a9ee8,adjusted_first_available_7d_after_T1_lookup,0,,,,,,,,,
barometer,041,15,119.4,2025-01-08,3cb4ec3a-332a-441a-9617-a9d2576c6a33,adjusted_first_available_7d_after_T1_lookup,0,,,,,,,,,
barometer,041,15,119.4,2025-01-08,bce3e6dc-a61a-4fc5-8d6f-41ff16761f5b,adjusted_first_available_7d_after_T1_lookup,0,,,,,,,,,
barometer,041,15,119.4,2025-01-08,d74f7acf-f82f-491d-90b9-d7321e6d4bcf,adjusted_first_available_7d_after_T1_lookup,0,,,,,,,,,
barometer,042,14,83.8,2025-01-08,9ca889b9-737b-431b-ac18-12a8f56d3af3,adjusted_first_available_7d_after_T1_lookup,0,,,,,,,,,
barometer,042,14,83.8,2025-01-08,c31dc4f2-ba44-4389-9203-35787faa2a3e,adjusted_first_available_7d_after_T1_lookup,0,,,,,,,,,
barometer,043,42,95.5,2025-01-21,845baf83-8b4e-4bf9-b669-8d7ec16eec42,adjusted_first_available_7d_after_T1_lookup,0,,,,,,,,,
barometer,043,42,95.5,2025-01-21,c219c7c9-afca-41d7-8693-332ea5222d08,adjusted_first_available_7d_after_T1_lookup,0,,,,,,,,,
barometer,044,44,108.3,2025-01-20,6faf770c-e0bf-4100-9b63-c6167630c854,adjusted_first_available_7d_after_T1_lookup,0,,,,,,,,,
barometer,044,44,108.3,2025-01-20,86994e75-0c10-40f6-9c55-1cfc9d05856e,adjusted_first_available_7d_after_T1_lookup,0,,,,,,,,,
barometer,044,44,108.3,2025-01-20,e2569598-0fd8-4d72-a20e-378428f477a0,adjusted_first_available_7d_after_T1_lookup,0,,,,,,,,,
barometer,045,51,93.4,2025-01-21,70e227e6-1b1e-4455-ba75-b0c0cf0789a3,adjusted_first_available_7d_after_T1_lookup,0,,,,,,,,,
barometer,045,51,93.4,2025-01-21,fdce7e53-e549-45b0-a477-8c300329c656,adjusted_first_available_7d_after_T1,2750,169.0,1752132967011.0,1752737767011.0,2025-07-10 10:36:07+0300,2025-07-17 10:36:07+0300,1752132967011.0,1752156426402.0,2025-07-10 10:36:07+0300,2025-07-10 17:07:06+0300
barometer,046,66,101.8,2025-01-28,4e11d6b1-417c-413e-809b-b7646557cbd0,adjusted_first_available_7d_after_T1_lookup,0,,,,,,,,,
barometer,046,66,101.8,2025-01-28,d209c58f-f8da-40af-8688-27f5acb3fca3,adjusted_first_available_7d_after_T1_lookup,0,,,,,,,,,
barometer,048,7,95.2,2025-01-06,253ba3c0-a083-405c-bbd5-03a37e86b64a,adjusted_first_available_7d_after_T1_lookup,0,,,,,,,,,
barometer,048,7,95.2,2025-01-06,4a85b9dc-2d18-42b2-b98d-f228dd3b3085,adjusted_first_available_7d_after_T1_lookup,0,,,,,,,,,
barometer,048,7,95.2,2025-01-06,9c26aa79-a4ed-4a0c-8cfd-b64e26b4aa8b,adjusted_first_available_7d_after_T1_lookup,0,,,,,,,,,
barometer,049,85,91.6,2025-03-06,204448d3-4767-44ba-b7f6-3d2c1cb48247,adjusted_first_available_7d_after_T1_lookup,0,,,,,,,,,
barometer,049,85,91.6,2025-03-06,3d5fb677-247b-4290-8fde-63e8c9bc3d2e,adjusted_first_available_7d_after_T1_lookup,0,,,,,,,,,
barometer,050,39,104.4,2025-01-16,22f3ff7b-8376-44ed-b215-1e7324cd0354,adjusted_first_available_7d_after_T1_lookup,0,,,,,,,,,
barometer,050,39,104.4,2025-01-16,9eb97a47-e951-40f6-9f2f-56f7e95d13a4,adjusted_first_available_7d_after_T1_lookup,0,,,,,,,,,
barometer,052,22,90.6,2025-01-09,05cc9d77-d2b0-4aeb-afae-b084e7098aea,adjusted_first_available_7d_after_T1_lookup,0,,,,,,,,,
barometer,052,22,90.6,2025-01-09,5278bdbc-c56d-43c8-b543-ad75bab7aca8,adjusted_first_available_7d_after_T1_lookup,0,,,,,,,,,
barometer,052,22,90.6,2025-01-09,95324fb1-57d7-409e-af1c-99a29227984d,adjusted_first_available_7d_after_T1_lookup,0,,,,,,,,,
barometer,053,32,104.6,2025-01-14,edb42356-1b11-4ba0-a74d-2edd1df30d16,adjusted_first_available_7d_after_T1_lookup,0,,,,,,,,,
barometer,055,29,104.1,2025-01-14,25072c2a-5b82-4dfc-a8f5-154266b3328b,adjusted_first_available_7d_after_T1_lookup,0,,,,,,,,,
barometer,056,38,109.6,2025-01-16,486cba25-cd0f-492c-a21b-3b6885187dd7,adjusted_first_available_7d_after_T1_lookup,0,,,,,,,,,
barometer,056,38,109.6,2025-01-16,c183d007-c3ab-4900-8ec5-35278b5e3196,adjusted_first_available_7d_after_T1_lookup,0,,,,,,,,,
barometer,057,37,93.7,2025-01-14,71a5a99f-71a0-41a7-8893-3a100b37adc3,adjusted_first_available_7d_after_T1_lookup,0,,,,,,,,,
barometer,057,37,93.7,2025-01-14,a5d47655-23f4-40cd-bcb9-fc8e1a0a823a,adjusted_first_available_7d_after_T1_lookup,0,,,,,,,,,
barometer,058,59,76.2,2025-01-23,5ffd6309-7ec3-408e-85dc-3d31c7d665d7,adjusted_first_available_7d_after_T1_lookup,0,,,,,,,,,
barometer,058,59,76.2,2025-01-23,ebc2be1a-6eaa-4367-91b8-d1b265d86206,adjusted_first_available_7d_after_T1_lookup,0,,,,,,,,,
barometer,060,26,96.9,2025-01-13,064fd2b6-f0ed-4a58-bb0e-b9d82367e72c,adjusted_first_available_7d_after_T1_lookup,0,,,,,,,,,
barometer,060,26,96.9,2025-01-13,c9cc92f6-be86-4916-b1f6-d940e6d6d6ac,adjusted_first_available_7d_after_T1_lookup,0,,,,,,,,,
barometer,061,58,92.7,2025-01-23,15473e07-1dee-4682-8129-68f4c5d38cfe,adjusted_first_available_7d_after_T1_lookup,0,,,,,,,,,
barometer,061,58,92.7,2025-01-23,b06fd13f-c1f7-47f4-811d-d29f52818e35,adjusted_first_available_7d_after_T1_lookup,0,,,,,,,,,
barometer,062,40,103.9,2025-01-16,358c4427-b62c-4a51-8a8f-748e7cc05ced,adjusted_first_available_7d_after_T1_lookup,0,,,,,,,,,
barometer,062,40,103.9,2025-01-16,b8abe44e-8a03-4fc1-adb4-1c98b27b9822,adjusted_first_available_7d_after_T1_lookup,0,,,,,,,,,
barometer,062,40,103.9,2025-01-16,d3933de9-24b5-4b1d-910e-a4b479b1931a,adjusted_first_available_7d_after_T1_lookup,0,,,,,,,,,
barometer,064,69,99.3,2025-01-28,210ce4c5-219c-4d74-8e34-35d8e190ff8e,adjusted_first_available_7d_after_T1_lookup,0,,,,,,,,,
barometer,064,69,99.3,2025-01-28,2f1f5677-1e4b-4506-9167-b26ca554eebd,adjusted_first_available_7d_after_T1_lookup,0,,,,,,,,,
barometer,066,43,99.4,2025-01-20,536902cf-31b5-4ac7-ac7a-f50783d635c9,adjusted_first_available_7d_after_T1_lookup,0,,,,,,,,,
barometer,067,25,87.1,2025-01-13,ca84570a-e1e9-4afd-9b2e-97169f4fb7f4,adjusted_first_available_7d_after_T1_lookup,0,,,,,,,,,
barometer,068,34,97.8,2025-01-14,8b477eaf-009e-476d-b7c9-d8ac27800d9a,adjusted_first_available_7d_after_T1_lookup,0,,,,,,,,,
barometer,069,46,85.9,2025-01-20,6b52c7ac-43ac-4ce8-9c40-8b3479519f82,adjusted_first_available_7d_after_T1_lookup,0,,,,,,,,,
barometer,070,24,95.5,2025-01-13,64a130a6-6b77-4bd1-9bc1-3822f765f538,adjusted_first_available_7d_after_T1_lookup,0,,,,,,,,,
barometer,070,24,95.5,2025-01-13,6e3b48ff-8b7a-440f-9159-f74012fbc77f,adjusted_first_available_7d_after_T1_lookup,0,,,,,,,,,
barometer,071,33,99.6,2025-01-14,7c226a0a-f3a4-4f01-9d49-fda590305078,adjusted_first_available_7d_after_T1_lookup,0,,,,,,,,,
barometer,072,83,106.1,2025-03-06,0ec2a84f-e2e1-4744-98ae-5c4b34fe876f,adjusted_first_available_7d_after_T1_lookup,0,,,,,,,,,
barometer,072,83,106.1,2025-03-06,35b5221b-88c2-463e-a891-40f38f79768d,adjusted_first_available_7d_after_T1_lookup,0,,,,,,,,,
barometer,073,30,95.7,2025-01-14,6006c7a9-e2b1-4e01-a098-454a7b55bcfc,adjusted_first_available_7d_after_T1_lookup,0,,,,,,,,,
barometer,073,30,95.7,2025-01-14,b266b238-3e48-4914-b45d-a3913c84d3dc,adjusted_first_available_7d_after_T1_lookup,0,,,,,,,,,
barometer,073,30,95.7,2025-01-14,f93829cd-a27a-4fa8-a698-0b567c733252,adjusted_first_available_7d_after_T1_lookup,0,,,,,,,,,
barometer,074,41,111.8,2025-01-16,4870fb6a-a6a6-458d-aba8-56ed070c200e,adjusted_first_available_7d_after_T1_lookup,0,,,,,,,,,
barometer,074,41,111.8,2025-01-16,4b212ab8-f9dd-4e61-be16-1787edb030d3,adjusted_first_available_7d_after_T1_lookup,0,,,,,,,,,
barometer,075,53,89.1,2025-01-21,b9efc1b2-cc84-4b53-90f4-88ff9ed9068e,adjusted_first_available_7d_after_T1_lookup,0,,,,,,,,,
barometer,076,71,107.5,2025-01-28,d7e2b2ca-098b-4c70-ae74-ef074e95af83,adjusted_first_available_7d_after_T1_lookup,0,,,,,,,,,
barometer,076,71,107.5,2025-01-28,dbe9b835-d172-49ab-a554-c65a0bfadf77,adjusted_first_available_7d_after_T1_lookup,0,,,,,,,,,
barometer,077,77,87.8,2025-02-25,444ce4c5-7ef7-4be0-a6f6-58e98a35ca12,adjusted_first_available_7d_after_T1_lookup,0,,,,,,,,,
barometer,077,77,87.8,2025-02-25,c3b613d0-daa4-4d16-b116-1dcf30024a39,adjusted_first_available_7d_after_T1_lookup,0,,,,,,,,,
barometer,078,84,106.2,2025-03-06,91ca65aa-efbb-4d7a-a8ad-b4ae1df3682c,adjusted_first_available_7d_after_T1_lookup,0,,,,,,,,,
barometer,078,84,106.2,2025-03-06,dda728dc-feee-4444-8237-70f41c97d1c6,adjusted_first_available_7d_after_T1_lookup,0,,,,,,,,,
barometer,079,47,101.3,2025-01-20,1d4afe7c-015b-4dc7-b690-a0cfb138024f,adjusted_first_available_7d_after_T1_lookup,0,,,,,,,,,
barometer,080,31,95.7,2025-01-14,a64054ee-fd2c-4597-95c2-8a3c520f1d32,adjusted_first_available_7d_after_T1_lookup,0,,,,,,,,,
barometer,080,31,95.7,2025-01-14,dda01e71-2d29-4c75-8394-9b2b4322ab3d,adjusted_first_available_7d_after_T1_lookup,0,,,,,,,,,
barometer,081,55,82.2,2025-01-21,71f18562-7a3e-4b4f-9147-8ffa8549c019,adjusted_first_available_7d_after_T1_lookup,0,,,,,,,,,
barometer,081,55,82.2,2025-01-21,7910786b-14dc-4f1c-a945-09c90f27aaf9,adjusted_first_available_7d_after_T1_lookup,0,,,,,,,,,
barometer,081,55,82.2,2025-01-21,ee015026-b5e6-4b16-b1ba-eca95bedb94c,adjusted_first_available_7d_after_T1_lookup,0,,,,,,,,,
barometer,082,70,92.0,2025-01-28,3826f2e3-e373-434d-9dc2-05e6f2c73ae4,adjusted_first_available_7d_after_T1_lookup,0,,,,,,,,,
barometer,083,36,102.8,2025-01-14,e2cbb029-ed91-4120-ad5d-4bda56bdcb33,adjusted_first_available_7d_after_T1_lookup,0,,,,,,,,,
barometer,084,49,87.5,2025-01-20,e2c73e09-d5c7-40b4-a8ea-eb3ac246fce4,adjusted_first_available_7d_after_T1_lookup,0,,,,,,,,,
barometer,085,81,100.0,2025-03-04,b89546ef-9f57-4fd0-ad48-638a4a783d19,adjusted_first_available_7d_after_T1_lookup,0,,,,,,,,,
barometer,085,81,100.0,2025-03-04,ba371144-2edb-4839-9fd5-1d0466e41510,adjusted_first_available_7d_after_T1_lookup,0,,,,,,,,,
barometer,086,76,95.7,2025-02-12,3b3f73c4-f675-40fa-ba96-268da25d4534,adjusted_first_available_7d_after_T1_lookup,0,,,,,,,,,
barometer,086,76,95.7,2025-02-12,4c21963e-e81d-48e9-b3f9-86113355161a,adjusted_first_available_7d_after_T1_lookup,0,,,,,,,,,
barometer,087,72,100.3,2025-02-04,5013dc15-16ee-47df-876b-349a95732edb,adjusted_first_available_7d_after_T1_lookup,0,,,,,,,,,
barometer,087,72,100.3,2025-02-04,52edeca1-615e-4163-832e-ba395caaa2eb,adjusted_first_available_7d_after_T1_lookup,0,,,,,,,,,
barometer,087,72,100.3,2025-02-04,86db0ce4-51a9-4151-8fa9-dd7486f467be,adjusted_first_available_7d_after_T1_lookup,0,,,,,,,,,
barometer,089,61,109.3,2025-01-23,d9413e58-1910-4485-9dd4-43f188b3f155,adjusted_first_available_7d_after_T1_lookup,0,,,,,,,,,
barometer,089,61,109.3,2025-01-23,e361ed72-5d8b-48b9-b2eb-c5eeb03da274,adjusted_first_available_7d_after_T1_lookup,0,,,,,,,,,
barometer,090,56,79.9,2025-01-21,7c4afb5b-c5f3-4160-ac5d-d5fb8871c0d4,adjusted_first_available_7d_after_T1_lookup,0,,,,,,,,,
barometer,091,60,82.0,2025-01-23,0eadbdf6-df0e-4c75-826a-0a735963b7ab,adjusted_first_available_7d_after_T1_lookup,0,,,,,,,,,
barometer,091,60,82.0,2025-01-23,0f861204-91f3-4d45-878a-9d8b471cd9dd,adjusted_first_available_7d_after_T1_lookup,0,,,,,,,,,
barometer,091,60,82.0,2025-01-23,715ed1e4-71cc-461b-8f3f-5c847d2bce0e,adjusted_first_available_7d_after_T1_lookup,0,,,,,,,,,
barometer,091,60,82.0,2025-01-23,7f550bdd-1e0f-4a62-b6aa-b619967e221d,adjusted_first_available_7d_after_T1_lookup,0,,,,,,,,,
barometer,092,63,109.1,2025-01-27,6bf0381a-8276-48d8-9fd3-98dda425afa7,adjusted_first_available_7d_after_T1_lookup,0,,,,,,,,,
barometer,092,63,109.1,2025-01-27,7db819c3-4e9a-4782-8669-d0d5f2b61d9c,adjusted_first_available_7d_after_T1_lookup,0,,,,,,,,,
barometer,093,82,99.6,2025-03-06,7dbb6700-04f4-4492-a0fe-23253c23ff39,adjusted_first_available_7d_after_T1_lookup,0,,,,,,,,,
barometer,095,86,99.5,2025-03-16,7542dd6c-61ae-4a9d-9422-92053e3ec270,adjusted_first_available_7d_after_T1_lookup,0,,,,,,,,,
barometer,095,86,99.5,2025-03-16,80aa7075-c1e6-494d-980c-141c09cf13d3,adjusted_first_available_7d_after_T1_lookup,0,,,,,,,,,
barometer,096,87,102.1,2025-03-30,3b85c91a-849e-45ec-9dcd-313c8c6e931b,adjusted_first_available_7d_after_T1_lookup,0,,,,,,,,,
